Building,RSS Location,Room (if applicable),Latitude (DD.dddd),Longitude (DD.dddd),Elevation (note units),Location
Field 516,Track and Field, ,29.194219,-81.050932,,Track
Building 511,Crotty Tennis Complex, ,29.192589,-81.047698,,Main Tennis Courts
Building 601,ICI Center, ,29.190902,-81.046941,,ICI
Field 607,Soccer Field, ,29.190975,-81.045922,,Soccer Field
Building 603,Sliwa Stadium, ,29.191457,-81.04623,,Baseball Field
Field 553,Softball Field, ,29.191393,-81.045737,,Dirt Softball Field
Field 543,Artificial Turf Softball Field, ,29.193,-81.046263,,Turf Softball Field
Field 530,Multipurpose Artificial Turf Field, ,29.193802,-81.047535,,Lacrosse Field
Building 610,Mori Hosseini Student Union,SU Indoor Table #01,29.188248,-81.048981,,
Building 610,Mori Hosseini Student Union,SU Indoor Table #01A,29.188154,-81.048959,,
Building 610,Mori Hosseini Student Union,SU Indoor Table #01B,29.188115,-81.048953,,
Building 610,Mori Hosseini Student Union,SU Indoor Table #01C,29.187959,-81.048961,,
Building 610,Mori Hosseini Student Union,SU Indoor Table #02,29.188211,-81.049036,,
Building 610,Mori Hosseini Student Union,SU Indoor Table #03,29.188263,-81.049128,,
Building 610,Mori Hosseini Student Union,SU Indoor Table #04,29.188337,-81.049098,,
Building 610,Mori Hosseini Student Union,SU Indoor Table #05,29.188292,-81.049276,,
Building 610,Mori Hosseini Student Union,SU Indoor Table #06,29.18825,-81.049408,,
Building 610,Mori Hosseini Student Union,SU Indoor Table #07,29.188168,-81.049562,,
Building 610,Mori Hosseini Student Union,SU Indoor Table #08,29.188046,-81.049521,,
Building 610,Mori Hosseini Student Union,SU Indoor Table #09,29.188038,-81.049174,,
Building 610,Mori Hosseini Student Union,SU Indoor Table #10,29.187975,-81.049137,,
Building 610,Mori Hosseini Student Union,SU Indoor Table #11,29.18788,-81.049193,,
Building 610,Mori Hosseini Student Union,SU Indoor Table #12,29.187872,-81.048982,,
Building 610,Mori Hosseini Student Union,SU Indoor Table #13,29.187814,-81.048944,,
Building 610,Mori Hosseini Student Union,SU Indoor Table #14,29.187779,-81.049046,,
Building 610,Mori Hosseini Student Union,SU Indoor Table #15,29.187764,-81.049026,,
Building 610,Mori Hosseini Student Union,SU Indoor Table #16A,29.187749,-81.048863,,
Building 610,Mori Hosseini Student Union,SU Indoor Table #16B,29.187739,-81.048848,,
Building 610,Mori Hosseini Student Union,SU Indoor Table #16C,29.187724,-81.048824,,
Building 610,Mori Hosseini Student Union,SU Indoor Table #16D,29.187616,-81.048621,,
Building 610,Mori Hosseini Student Union,SU Indoor Table #16E,29.187552,-81.048535,,
Building 610,Mori Hosseini Student Union,SU 101,29.187864,-81.048924,,Student Union
Building 610,Mori Hosseini Student Union,SU 102,29.187915,-81.04891,,Student Union
Building 610,Mori Hosseini Student Union,SU 103,29.187915,-81.04891,,Student Union
Building 610,Mori Hosseini Student Union,SU 104,29.188065,-81.048905,,Student Union
Building 610,Mori Hosseini Student Union,SU 105,29.188326,-81.049275,,Student Union
Building 610,Mori Hosseini Student Union,SU 106,29.188306,-81.049365,,Student Union
Building 610,Mori Hosseini Student Union,SU 107,29.188284,-81.049418,,Student Union
Building 610,Mori Hosseini Student Union,SU 108,29.18826,-81.049468,,Student Union
Building 610,Mori Hosseini Student Union,SU 206,29.188336,-81.049162,,Student Union
Building 610,Mori Hosseini Student Union,SU 207,29.188334,-81.049239,,Student Union
Building 610,Mori Hosseini Student Union,SU 208,29.188315,-81.04929,,Student Union
Building 610,Mori Hosseini Student Union,SU 301,29.188194,-81.048941,,Student Union
Building 610,Mori Hosseini Student Union,SU 317,29.188335,-81.049186,,Student Union
Building 610,Mori Hosseini Student Union,SU 331,29.188227,-81.049336,,Student Union
Building 610,Mori Hosseini Student Union,SU 347,29.187671,-81.04945,,Student Union
Building 610,Mori Hosseini Student Union,SU 348,29.1877,-81.04945,,Student Union
Building 610,Mori Hosseini Student Union,SU 349,29.187707,-81.04945,,Student Union
Building 610,Mori Hosseini Student Union,SU 350,29.187714,-81.04945,,Student Union
Building 610,Mori Hosseini Student Union,SU 351,29.187721,-81.04945,,Student Union
Building 419,COAS,College of Arts and Sciences 102,29.188607,-81.047984,,College of Arts & Sciences
Building 419,COAS,College of Arts and Sciences 103,29.188523,-81.047944,,College of Arts & Sciences
Building 419,COAS,College of Arts and Sciences 104,29.188449,-81.048006,,College of Arts & Sciences
Building 419,COAS,College of Arts and Sciences 105,29.188378,-81.048063,,College of Arts & Sciences
Building 419,COAS,College of Arts and Sciences 106,29.188319,-81.04811,,College of Arts & Sciences
Building 419,COAS,College of Arts and Sciences 107,29.188271,-81.048154,,College of Arts & Sciences
Building 419,COAS,College of Arts and Sciences 108,29.188303,-81.048176,,College of Arts & Sciences
Building 419,COAS,College of Arts and Sciences 115,29.18853,-81.048031,,College of Arts & Sciences
Building 419,COAS,College of Arts and Sciences 116,29.188499,-81.04806,,College of Arts & Sciences
Building 419,COAS,College of Arts and Sciences 118,29.188543,-81.048061,,College of Arts & Sciences
Building 419,COAS,College of Arts and Sciences 119,29.188575,-81.048034,,College of Arts & Sciences
Building 419,COAS,College of Arts and Sciences 123,29.188013,-81.048134,,College of Arts & Sciences
Building 419,COAS,College of Arts and Sciences 126,29.187891,-81.048151,,College of Arts & Sciences
Building 419,COAS,College of Arts and Sciences 127,29.188007,-81.048058,,College of Arts & Sciences
Building 419,COAS,College of Arts and Sciences 128.1,29.188114,-81.048362,,College of Arts & Sciences
Building 419,COAS,College of Arts and Sciences 128.12,29.188065,-81.048398,,College of Arts & Sciences
Building 419,COAS,College of Arts and Sciences 201.45,29.188571,-81.04805,,College of Arts & Sciences
Building 419,COAS,College of Arts and Sciences 202,29.188607,-81.047984,,College of Arts & Sciences
Building 419,COAS,College of Arts and Sciences 203,29.188523,-81.047944,,College of Arts & Sciences
Building 419,COAS,College of Arts and Sciences 204,29.188449,-81.048006,,College of Arts & Sciences
Building 419,COAS,College of Arts and Sciences 205,29.188378,-81.048063,,College of Arts & Sciences
Building 419,COAS,College of Arts and Sciences 206,29.188319,-81.04811,,College of Arts & Sciences
Building 419,COAS,College of Arts and Sciences 207,29.188271,-81.048154,,College of Arts & Sciences
Building 419,COAS,College of Arts and Sciences 213,29.187941,-81.048317,,College of Arts & Sciences
Building 419,COAS,College of Arts and Sciences 214,29.187899,-81.048243,,College of Arts & Sciences
Building 419,COAS,College of Arts and Sciences 217,29.188006,-81.048071,,College of Arts & Sciences
Building 419,COAS,College of Arts and Sciences 218,29.187955,-81.048089,,College of Arts & Sciences
Building 419,COAS,College of Arts and Sciences 219,29.187985,-81.048406,,College of Arts & Sciences
Building 419,COAS,College of Arts and Sciences 301.38,29.18857,-81.048004,,College of Arts & Sciences
Building 419,COAS,College of Arts and Sciences 301.39,29.18861,-81.048029,,College of Arts & Sciences
Building 419,COAS,College of Arts and Sciences 301.4,29.1887,-81.048041,,College of Arts & Sciences
Building 419,COAS,College of Arts and Sciences 302,29.188607,-81.047984,,College of Arts & Sciences
Building 419,COAS,College of Arts and Sciences 303,29.188523,-81.047944,,College of Arts & Sciences
Building 419,COAS,College of Arts and Sciences 304,29.188449,-81.048006,,College of Arts & Sciences
Building 419,COAS,College of Arts and Sciences 305,29.188378,-81.048063,,College of Arts & Sciences
Building 419,COAS,College of Arts and Sciences 306,29.188319,-81.04811,,College of Arts & Sciences
Building 419,COAS,College of Arts and Sciences 307,29.188271,-81.048154,,College of Arts & Sciences
Building 419,COAS,College of Arts and Sciences 308,29.188303,-81.048176,,College of Arts & Sciences
Building 419,COAS,College of Arts and Sciences 309,29.188046,-81.048195,,College of Arts & Sciences
Building 419,COAS,College of Arts and Sciences 310,29.18809,-81.04824,,College of Arts & Sciences
Building 419,COAS,College of Arts and Sciences 315,29.188006,-81.048071,,College of Arts & Sciences
Building 419,COAS,College of Arts and Sciences 316,29.187955,-81.048089,,College of Arts & Sciences
Building 419,COAS,College of Arts and Sciences 317,29.187985,-81.048406,,College of Arts & Sciences
Building 419,COAS,College of Arts and Sciences 401.18,29.18857,-81.048004,,College of Arts & Sciences
Building 419,COAS,College of Arts and Sciences 402,29.188607,-81.047984,,College of Arts & Sciences
Building 419,COAS,College of Arts and Sciences 403,29.188523,-81.047944,,College of Arts & Sciences
Building 419,COAS,College of Arts and Sciences 404,29.188449,-81.048006,,College of Arts & Sciences
Building 419,COAS,College of Arts and Sciences 405,29.188378,-81.048063,,College of Arts & Sciences
Building 419,COAS,College of Arts and Sciences 406,29.188319,-81.04811,,College of Arts & Sciences
Building 419,COAS,College of Arts and Sciences 407,29.188271,-81.048154,,College of Arts & Sciences
Building 419,COAS,College of Arts and Sciences 408,29.188303,-81.048176,,College of Arts & Sciences
Building 419,COAS,College of Arts and Sciences 412,29.18832,-81.048185,,College of Arts & Sciences
Building 419,COAS,College of Arts and Sciences 416,29.188499,-81.04806,,College of Arts & Sciences
Building 419,COAS,College of Arts and Sciences 417,29.187899,-81.048243,,College of Arts & Sciences
Building 419,COAS,College of Arts and Sciences 418,29.188006,-81.048071,,College of Arts & Sciences
Building 419,COAS,College of Arts and Sciences 419,29.187955,-81.048089,,College of Arts & Sciences
Building 419,COAS,College of Arts and Sciences 501,29.188169,-81.048316,,College of Arts & Sciences
Building 341,COA,COA Atrium,29.187,-81.05034,32.9,College of Aviation
Building 341,COA,Room 105,29.18696,-81.05034,33.2,College of Aviation
Building 341,COA,Room 132B,29.18712,-81.05024,33.4,College of Aviation
Building 341,COA,Room 132C,29.18725,-81.05011,33.5,College of Aviation
Building 341,COA,Room 138,29.18745,-81.04986,33.5,College of Aviation
Building 341,COA,Room 139,29.18756,-81.04986,33.7,College of Aviation
Building 341,COA,Room 140,29.18756,-81.04985,33.7,College of Aviation
Building 341,COA,Room 141,29.1876,-81.04985,33.6,College of Aviation
Building 341,COA,Room 143,29.18752,-81.0498,33.1,College of Aviation
Building 341,COA,Room 144,29.18754,-81.04981,33.7,College of Aviation
Building 341,COA,Room 144A,29.18754,-81.04981,33.7,College of Aviation
Building 341,COA,Room 254,29.18706,-81.05026,,College of Aviation
Building 341,COA,Room 255,29.18721,-81.05009,,College of Aviation
Building 341,COA,Room 256,29.18726,-81.05005,,College of Aviation
Building 341,COA,Room 257,29.18725,-81.04997,,College of Aviation
Building 341,COA,Room 259,29.18729,-81.04982,,College of Aviation
Building 341,COA,Room 260,29.18742,-81.04983,,College of Aviation
Building 341,COA,Room 261,29.1874,-81.04983,,College of Aviation
Building 341,COA,Room 263B,29.18754,-81.04979,,College of Aviation
Building 341,COA,Room 305,29.18698,-81.05034,,College of Aviation
Building 341,COA,Room 345,29.18704,-81.05032,,College of Aviation
Building 341,COA,Room 347,29.18713,-81.05019,,College of Aviation
Building 341,COA,Room 348,29.18716,-81.05016,,College of Aviation
Building 341,COA,Room 350,29.18723,-81.05008,,College of Aviation
Building 341,COA,Room 351,29.18737,-81.04996,,College of Aviation
Building 341,COA,Room 352,29.18733,-81.04995,,College of Aviation
Building 341,COA,Room 353,29.18734,-81.04988,,College of Aviation
Building 341,COA,Room 354,29.18734,-81.04993,,College of Aviation
Building 341,COA,Room 355,29.18784,-81.04894,,College of Aviation
Building 341,COA,Room 356,29.1875,-81.04886,,College of Aviation
Building 341,COA,Room 356A,29.18748,-81.04881,,College of Aviation
Building 331,IC,Willie Miller Instructional Center Atrium 1st Fl,29.188616,-81.049884,,Willie Miller IC
Building 331,IC,Willie Miller Instructional Center Atrium 2nd Fl,29.188631,-81.049897,,Willie Miller IC
Building 331,IC,Willie Miller Instructional Center 101,29.188705,-81.050103,,Willie Miller IC
Building 331,IC,Willie Miller Instructional Center 102,29.188755,-81.050031,,Willie Miller IC
Building 331,IC,Willie Miller Instructional Center 103,29.1887,-81.049975,,Willie Miller IC
Building 331,IC,Willie Miller Instructional Center 104,29.188531,-81.04991,,Willie Miller IC
Building 331,IC,Willie Miller Instructional Center 201,29.188746,-81.050061,,Willie Miller IC
Building 331,IC,Willie Miller Instructional Center 203,29.188704,-81.04997,,Willie Miller IC
Building 331,IC,Willie Miller Instructional Center 204,29.188538,-81.049923,,Willie Miller IC
Building 331,IC,Willie Miller Instructional Center 205,29.188541,-81.049925,,Willie Miller IC
Building 618,COE,LB 126A,29.189246,-81.047239,,Lehman Building LB
Building 618,COE,LB 126B,29.189308,-81.047185,,Lehman Building LB
Building 618,COE,LB 130,29.189266,-81.047126,,Lehman Building LB
Building 618,COE,LB 131,29.189239,-81.047157,,Lehman Building LB
Building 618,COE,LB 132,29.189157,-81.047229,,Lehman Building LB
Building 618,COE,LB 133,29.189088,-81.047278,,Lehman Building LB
Building 618,COE,LB 134,29.189387,-81.04701,,Lehman Building LB
Building 618,COE,LB 139,29.18927,-81.046935,,Lehman Building LB
Building 618,COE,LB 161,29.189287,-81.046697,,Lehman Building LB
Building 618,COE,LB 162,29.189345,-81.046787,,Lehman Building LB
Building 618,COE,LB 164,29.189384,-81.046847,,Lehman Building LB
Building 618,COE,LB 170,29.189302,-81.04691,,Lehman Building LB
Building 618,COE,LB 171,29.189278,-81.046779,,Lehman Building LB
Building 618,COE,LB 171A,29.189197,-81.046854,,Lehman Building LB
Building 618,COE,LB 172,29.189169,-81.046805,,Lehman Building LB
Building 618,COE,LB 173,29.189112,-81.046719,,Lehman Building LB
Building 618,COE,LB 173C,29.189186,-81.046649,,Lehman Building LB
Building 618,COE,LB 174,29.189045,-81.046609,,Lehman Building LB
Building 618,COE,LB 175,29.189008,-81.046546,,Lehman Building LB
Building 618,COE,LB 176,29.188951,-81.04657,,Lehman Building LB
Building 618,COE,LB 177,29.188972,-81.046615,,Lehman Building LB
Building 618,COE,LB 178,29.189018,-81.046796,,Lehman Building LB
Building 618,COE,LB 180,29.189114,-81.04682,,Lehman Building LB
Building 618,COE,LB 181,29.189174,-81.046994,,Lehman Building LB
Building 618,COE,LB 182,29.189131,-81.047016,,Lehman Building LB
Building 618,COE,LB 184,29.188983,-81.047139,,Lehman Building LB
Building 618,COE,LB 228,29.18931,-81.047191,,Lehman Building LB
Building 618,COE,LB 230,29.189272,-81.047126,,Lehman Building LB
Building 618,COE,LB 231,29.189224,-81.047171,,Lehman Building LB
Building 618,COE,LB 232,29.189166,-81.047211,,Lehman Building LB
Building 618,COE,LB 233,29.189111,-81.047256,,Lehman Building LB
Building 618,COE,LB 234,29.189071,-81.047288,,Lehman Building LB
Building 618,COE,LB 235,29.189383,-81.047012,,Lehman Building LB
Building 618,COE,LB 267,29.189344,-81.046781,,Lehman Building LB
Building 618,COE,LB 269,29.18938,-81.046838,,Lehman Building LB
Building 618,COE,LB 270,29.189241,-81.046862,,Lehman Building LB
Building 618,COE,LB 271,29.18932,-81.046849,,Lehman Building LB
Building 618,COE,LB 272,29.189278,-81.046782,,Lehman Building LB
Building 618,COE,LB 273,29.189233,-81.046728,,Lehman Building LB
Building 618,COE,LB 274,29.189168,-81.046612,,Lehman Building LB
Building 618,COE,LB 329,29.189313,-81.047199,,Lehman Building LB
Building 618,COE,LB 330,29.18927,-81.047116,,Lehman Building LB
Building 618,COE,LB 331,29.189219,-81.047172,,Lehman Building LB
Building 618,COE,LB 332,29.18917,-81.047212,,Lehman Building LB
Building 618,COE,LB 333,29.189109,-81.047263,,Lehman Building LB
Building 618,COE,LB 334,29.189048,-81.047309,,Lehman Building LB
Building 618,COE,LB 335,29.189368,-81.047041,,Lehman Building LB
Building 618,COE,LB 367,29.189339,-81.046788,,Lehman Building LB
Building 618,COE,LB 369,29.18938,-81.046855,,Lehman Building LB
Building 618,COE,LB 370,29.189323,-81.046865,,Lehman Building LB
Building 618,COE,LB 371,29.189288,-81.046793,,Lehman Building LB
Building 618,COE,LB 372,29.189248,-81.046729,,Lehman Building LB
Building 618,COE,LB 373,29.189201,-81.046671,,Lehman Building LB
Building 618,COE,LB 374,29.189165,-81.046608,,Lehman Building LB
Building 155,New Residence Hall Courtyard,Basketball Courts,29.190379,-81.051951,,New Residence Hall Courtyard 
Building 155,"New Residence Hall 1, Phase 1",BBQ 1,29.190576,-81.052707,,New Residence Hall
Building 155,"New Residence Hall 1, Phase 1",BBQ 2,29.190623,-81.052349,,New Residence Hall
Building 155,"New Residence Hall 1, Phase 1",Fire Pit,29.190341,-81.052485,,New Residence Hall
Building 155,"New Residence Hall 1, Phase 1",Game Room Rm 161,,,,New Residence Hall
Building 155,"New Residence Hall 1, Phase 1",Hospitality Area Rm 142,,,,New Residence Hall
Building 155,"New Residence Hall 1, Phase 1",Multipurpose Room 158,29.19074,-81.051869,,New Residence Hall
Building 155,"New Residence Hall 1, Phase 1",Resident Lounge 136,,,,New Residence Hall
Building 155,"New Residence Hall 1, Phase 1",Study Lounge Rm 144,,,,New Residence Hall
Building 155,"New Residence Hall 1, Phase 1",Study Lounge Rm 151,,,,New Residence Hall
Building 155,"New Residence Hall 1, Phase 1",Conference Room 149,,,,New Residence Hall
Building 201,"New Residence Hall 2, Phase 2",Dining Hall - Private Dining 132,29.189791,-81.051954,,New Residence Hall 2
Building 201,"New Residence Hall 2, Phase 2",Dining Hall - Private Dining 134,29.189845,-81.052021,,New Residence Hall 2
Building 201,"New Residence Hall 2, Phase 2",Dining Hall - Private Dining (All),29.189845,-81.052021,,New Residence Hall 2
Building 155,"New Residence Hall 1, Phase 1",Sand Volleyball Courts,29.190504,-81.052292,,New Residence Hall Courtyard 
Building 241,Doolittle Hall,BBQ,29.190318,-81.051001,,Doolittle Hall
Building 241,Doolittle Hall,Volleyball Courts,29.190431,-81.05084,,Doolittle Hall
Building 1500,"Student Village (Adams, Wood, Tallman Commons)",Multipurpose Studio,29.192805,-81.052776,,Student Village
Building 1500,"Student Village (Adams, Wood, Tallman Commons)",Kitchen,29.192971,-81.05327,,Student Village
Building 1500,"Student Village (Adams, Wood, Tallman Commons)",Conference Room 138,29.192905,-81.053189,,Student Village 
Building 1500,"Student Village (Adams, Wood, Tallman Commons)",Atrium,29.192761,-81.053059,,Student Village
Building 1500,"Student Village (Adams, Wood, Tallman Commons)",BBQ,29.193212,-81.053003,,Student Village
Building 1500,"Student Village (Adams, Wood, Tallman Commons)",Buffet,29.192984,-81.052839,,Student Village
Building 1500,"Student Village (Adams, Wood, Tallman Commons)",Courtyard,29.192979,-81.052984,,Student Village
Building 1500,"Student Village (Adams, Wood, Tallman Commons)",Resource Room 142,29.192824,-81.053135,,Student Village
Building 1500,"Student Village (Adams, Wood, Tallman Commons)",Fountain Room 127,29.192942,-81.053232,,Student Village 
Building 1500,"Student Village (Adams, Wood, Tallman Commons)",Room 203,29.192686,-81.053107,,Student Village 
Building 1500,"Student Village (Adams, Wood, Tallman Commons)",Tabling Space CY #1,,,,Student Village
Building 1500,"Student Village (Adams, Wood, Tallman Commons)",Tabling Space CY #2,,,,Student Village
Building 1500,"Student Village (Adams, Wood, Tallman Commons)",Tabling Space CY #3,,,,Student Village
Building 1500,"Student Village (Adams, Wood, Tallman Commons)",Tabling Space CY #4,,,,Student Village
Building 1500,"Student Village (Adams, Wood, Tallman Commons)",Volleyball Courts,29.193515,-81.05314,,Student Village
Building 501,ROTC Center,Conference Room 200,29.192337,-81.049668,,ROTC Building
Building 501,ROTC Center,Courtyard,29.192209,-81.049579,,ROTC Building
Building 501,ROTC Center,Room 133,29.192443,-81.049726,,ROTC Building
Building 501,ROTC Center,Room 137,29.192493,-81.049599,,ROTC Building
Building 501,ROTC Center,Room 140,29.19251,-81.049537,,ROTC Building
Building 501,ROTC Center,Room 236,29.192397,-81.049721,,ROTC Building
Building 501,ROTC Center,Room 241,29.192476,-81.049589,,ROTC Building
,Connolly Quad,All & Tabling Spaces,29.188784,-81.048642,,Connolly Quadrangle
,Connolly Quad,All ,29.188784,-81.048642,,Connolly Quadrangle
,Connolly Quad,North,29.188926,-81.048522,,Connolly Quadrangle
,Connolly Quad,South,29.188715,-81.048773,,Connolly Quadrangle
,Connolly Quad,Tabling Space #1,,,,Connolly Quadrangle
,Connolly Quad,Tabling Space Quad Wall,,,,Connolly Quadrangle
,Connolly Quad,Tabling Space Wright Flyer #1,29.18854,-81.048734,,Connolly Quadrangle
,Connolly Quad,Tabling Space Wright Flyer #2,29.18859,-81.048797,,Connolly Quadrangle
Building 610,Mori Hosseini Student Union,Event Center Patio,29.187763,-81.048974,,Student Union
Building 610,Mori Hosseini Student Union,Event Center (All),29.187573,-81.048839,,Student Union
Building 610,Mori Hosseini Student Union,SU 148 - Event Center Pre-Function,29.187754,-81.049058,,Student Union
Building 610,Mori Hosseini Student Union,SU 165A - Event Center: Section A,29.187658,-81.048848,,Student Union
Building 610,Mori Hosseini Student Union,SU 165B - Event Center: Section B,29.187598,-81.048737,,Student Union
Building 610,Mori Hosseini Student Union,SU 165C - Event Center: Section C,29.187562,-81.048928,,Student Union
Building 610,Mori Hosseini Student Union,SU 165D - Event Center: Section D,29.187535,-81.048789,,Student Union 
Building 610,Mori Hosseini Student Union,SU 165E - Event Center: Section E,29.187538,-81.048964,,Student Union
Building 610,Mori Hosseini Student Union,SU 165F - Event Center: Section F,29.187456,-81.048851,,Student Union
Building 610,Mori Hosseini Student Union,SU 210 - The Chamber,29.187456,-81.048851,,
Building 610,Mori Hosseini Student Union,SU 237 - SGA Conference Room,29.187456,-81.048851,,
